,VOCAB_WORD
0,http
1,use
2,list
3,email
4,get
5,mail
6,one
7,free
8,time
9,work
10,messag
11,make
12,like
13,would
14,peopl
15,new
16,inform
17,receiv
18,pleas
19,click
20,busi
21,address
22,want
23,us
24,need
25,order
26,remov
27,also
28,go
29,year
30,send
31,money
32,file
33,compani
34,system
35,report
36,way
37,wrote
38,name
39,user
40,look
41,chang
42,site
43,day
44,know
45,state
46,program
47,may
48,see
49,call
50,could
51,group
52,even
53,think
54,includ
55,linux
56,first
57,offer
58,take
59,say
60,servic
61,right
62,tri
63,world
64,help
65,find
66,internet
67,market
68,product
69,mani
70,much
71,home
72,said
73,softwar
74,web
75,problem
76,date
77,line
78,spam
79,link
80,start
81,check
82,number
83,run
84,good
85,thing
86,well
87,subject
88,interest
89,phone
90,govern
91,person
92,provid
93,set
94,today
95,come
96,ad
97,million
98,give
99,server
100,follow
101,back
102,best
103,month
104,form
105,rate
106,everi
107,secur
108,gener
109,url
110,price
111,still
112,comput
113,packag
114,instal
115,code
116,sent
117,avail
118,life
119,version
120,commun
121,read
122,sinc
123,maintain
124,grant
125,sponsor
126,thank
127,network
128,two
129,differ
130,credit
131,without
132,made
133,develop
134,support
135,within
136,week
137,page
138,write
139,save
140,realli
141,subscript
142,case
143,irish
144,someth
145,current
146,un
147,anyon
148,last
149,onlin
150,complet
151,sure
152,build
153,seem
154,card
155,requir
156,manag
157,custom
158,de
159,ilug
160,never
161,better
162,window
163,keep
164,special
165,ca
166,point
167,place
168,search
169,per
170,anoth
171,found
172,actual
173,access
174,result
175,repli
176,contact
177,question
178,part
179,base
180,futur
181,listmast
182,old
183,put
184,issu
185,wish
186,long
187,next
188,let
189,live
190,countri
191,hour
192,end
193,invest
194,unsubscrib
195,easi
196,must
197,mean
198,process
199,unit
200,great
201,lot
202,got
203,technolog
204,show
205,account
206,nation
207,guarante
208,might
209,power
210,releas
211,legal
212,data
213,cost
214,allow
215,success
216,sourc
217,news
218,engin
219,possibl
220,profession
221,visit
222,trade
223,idea
224,post
225,increas
226,pay
227,ask
228,public
229,advertis
230,open
231,error
232,websit
233,opportun
234,test
235,real
236,sell
237,ever
238,less
239,respons
240,insur
241,plan
242,design
243,tell
244,creat
245,word
246,buy
247,reason
248,howev
249,prefer
250,heaven
251,someon
252,effect
253,aug
254,cd
255,color
256,law
257,sale
258,improv
259,applic
260,around
261,instead
262,fact
263,least
264,box
265,dollar
266,ye
267,fix
268,american
269,rpm
270,job
271,copi
272,probabl
273,simpl
274,origin
275,believ
276,cours
277,contain
278,fax
279,type
280,move
281,happen
282,though
283,friend
284,littl
285,els
286,financi
287,total
288,share
289,valu
290,welcom
291,request
292,exampl
293,add
294,return
295,abl
296,client
297,perl
298,format
299,anyth
300,simpli
301,alway
302,alreadi
303,high
304,protect
305,full
306,fill
307,cash
308,mailto
309,feel
310,directori
311,regard
312,purchas
313,licens
314,bit
315,stop
316,signatur
317,import
318,intern
319,experi
320,answer
321,polici
322,exist
323,past
324,famili
325,note
326,learn
327,updat
328,top
329,info
330,sep
331,geek
332,becom
333,act
334,lead
335,small
336,age
337,drive
338,instruct
339,second
340,ship
341,suppli
342,control
343,databas
344,member
345,low
346,thousand
347,recent
348,incom
349,select
350,featur
351,stuff
352,minut
353,appli
354,industri
355,turn
356,yet
357,sever
358,done
359,citi
360,folder
361,limit
362,continu
363,tool
364,understand
365,detail
366,guid
367,c
368,noth
369,e
370,exmh
371,notic
372,everyth
373,step
374,oper
375,enough
376,big
377,claim
378,sign
379,caus
380,letter
381,univers
382,larg
383,key
384,other
385,care
386,hard
387,three
388,thinkgeek
389,connect
390,record
391,accept
392,text
393,discuss
394,etc
395,bill
396,thu
397,play
398,term
399,via
400,pgp
401,specif
402,offic
403,america
404,talk
405,deal
406,mayb
407,direct
408,immedi
409,download
410,option
411,major
412,seen
413,forc
414,subscrib
415,hope
416,true
417,kind
418,center
419,thought
420,method
421,individu
422,decid
423,rule
424,lose
425,log
426,plu
427,comment
428,natur
429,matter
430,risk
431,either
432,yahoo
433,assist
434,quot
435,present
436,rather
437,content
438,mime
439,away
440,rememb
441,wait
442,r
443,bank
444,hand
445,fund
446,local
447,kernel
448,project
449,secret
450,loan
451,hundr
452,train
453,level
454,corpor
455,activ
456,consid
457,research
458,matthia
459,area
460,razor
461,august
462,forward
463,book
464,bodi
465,root
466,stori
467,addit
468,machin
469,standard
470,benefit
471,target
472,entir
473,war
474,bad
475,suggest
476,quit
477,document
478,global
479,posit
480,appear
481,presid
482,copyright
483,author
484,bug
485,often
486,expect
487,juli
488,distribut
489,polit
490,mind
491,human
492,septemb
493,grow
494,ago
495,jul
496,size
497,hit
498,qualiti
499,trust
500,none
501,absolut
502,partner
503,easili
504,pm
505,island
506,whether
507,love
508,agent
509,b
510,join
511,given
512,involv
513,collect
514,solut
515,happi
516,amount
517,fast
518,associ
519,charg
520,singl
521,domain
522,man
523,whole
524,promot
525,dvd
526,earn
527,far
528,fork
529,later
530,sort
531,parti
532,hi
533,feder
534,mortgag
535,submit
536,upon
537,normal
538,enter
539,meet
540,potenti
541,wed
542,wrong
543,refer
544,nice
545,red
546,function
547,tm
548,load
549,publish
550,wonder
551,john
552,econom
553,social
554,transact
555,almost
556,discov
557,everyon
558,reach
559,close
560,pass
561,view
562,fail
563,execut
564,sound
565,depend
566,profit
567,women
568,privat
569,perform
570,attack
571,broadcast
572,x
573,newslett
574,relat
575,automat
576,paid
577,contract
578,effort
579,statement
580,delet
581,begin
582,mark
583,foreign
584,compil
585,sequenc
586,miss
587,media
588,regist
589,bush
590,spamassassin
591,final
592,header
593,figur
594,cell
595,command
596,handl
597,stock
598,display
599,action
600,similar
601,game
602,tuesday
603,locat
604,templ
605,transfer
606,digit
607,pick
608,disk
609,hat
610,event
611,wo
612,chri
613,produc
614,known
615,soon
616,track
617,articl
618,print
619,tax
620,longer
621,properti
622,mention
623,pretti
624,toner
625,store
626,default
627,script
628,dear
629,pc
630,men
631,debt
632,hous
633,oblig
634,microsoft
635,imag
636,sun
637,upgrad
638,respect
639,organ
640,due
641,bulk
642,enenkio
643,commiss
644,weight
645,payment
646,capit
647,administr
648,freedom
649,daili
650,health
651,along
652,n
653,usa
654,worth
655,practic
656,offici
657,propos
658,cartridg
659,half
660,came
661,billion
662,resourc
663,languag
664,strategi
665,late
666,leav
667,platform
668,concern
669,assum
670,net
671,clear
672,remain
673,html
674,street
675,devic
676,exactli
677,anyway
678,car
679,ignor
680,lost
681,tire
682,ok
683,interact
684,hear
685,respond
686,head
687,tue
688,went
689,la
690,taken
691,deliv
692,tablet
693,independ
694,bring
695,configur
696,clean
697,perhap
698,qualifi
699,space
700,averag
701,watch
702,fine
703,fals
704,invok
705,press
706,recommend
707,school
708,retail
709,short
710,expens
711,memori
712,membership
713,fall
714,enabl
715,consult
716,guess
717,fee
718,host
719,huge
720,xml
721,edit
722,left
723,suit
724,extrem
725,review
726,usual
727,choos
728,common
729,warn
730,advantag
731,compar
732,except
733,en
734,agre
735,region
736,port
737,materi
738,abil
739,side
740,main
741,announc
742,field
743,paper
744,dream
745,told
746,drop
747,although
748,five
749,fri
750,guy
751,le
752,basic
753,spend
754,vulner
755,readi
756,growth
757,black
758,educ
759,item
760,hold
761,cheer
762,model
763,win
764,replac
765,electron
766,bonu
767,face
768,studi
769,interfac
770,confidenti
771,unseen
772,reserv
773,altern
774,loss
775,accord
776,safe
777,kingdom
778,mon
779,intend
780,avoid
781,j
782,choic
783,implement
784,oz
785,id
786,multipl
787,rest
788,approv
789,histori
790,commerci
791,situat
792,break
793,moment
794,combin
795,insid
796,investig
797,employ
798,p
799,chanc
800,extra
801,togeth
802,initi
803,quick
804,pictur
805,coupl
806,section
807,purpos
808,msg
809,confirm
810,advanc
811,util
812,goe
813,court
814,monday
815,across
816,unless
817,burn
818,particular
819,energi
820,object
821,score
822,express
823,india
824,et
825,male
826,indic
827,took
828,owner
829,video
830,filter
831,count
832,sens
833,societi
834,correct
835,directli
836,speed
837,agenc
838,profil
839,procedur
840,die
841,four
842,variou
843,valid
844,anywher
845,gpl
846,period
847,ventur
848,cut
849,uniqu
850,seek
851,match
852,consum
853,sex
854,especi
855,piec
856,spammer
857,certain
858,whatev
859,kevin
860,white
861,behalf
862,investor
863,popul
864,setup
865,adam
866,class
867,explain
868,knowledg
869,remot
870,gain
871,latest
872,atol
873,oh
874,unison
875,tip
876,dagga
877,militari
878,ftp
879,block
880,marshal
881,unix
882,gari
883,googl
884,south
885,patch
886,lawrenc
887,tv
888,switch
889,team
890,establish
891,smoke
892,valuabl
893,shop
894,imagin
895,aaaaaaaaaaaaaaaaaaaaaaaaaaaaaaaaaaaaaaaaaaaaaaaaaaaaaaaaaaaaaaaaaaaaaaaaaaaa
896,ragga
897,java
898,integr
899,robert
900,prevent
901,boot
902,prepar
903,third
904,attempt
905,folk
906,privaci
907,will
908,manual
909,heard
910,tag
911,hardwar
912,sometim
913,sorri
914,necessari
915,saou
916,screen
917,reduc
918,bottl
919,york
920,particip
921,congress
922,fastest
923,night
924,china
925,sa
926,cover
927,depart
928,backup
929,stand
930,enjoy
931,seriou
932,path
933,goal
934,mass
935,driver
936,obtain
937,regul
938,alb
939,certainli
940,competit
941,suppos
942,amaz
943,lower
944,h
945,botan
946,promis
947,fulli
948,land
949,capabl
950,poor
951,medic
952,speak
953,introduc
954,titl
955,apolog
956,extend
957,traffic
958,scienc
959,lowest
960,deathtospamdeathtospamdeathtospam
961,describ
962,defin
963,movi
964,definit
965,troubl
966,exchang
967,cv
968,film
969,neg
970,paul
971,easier
972,rang
973,os
974,decis
975,sender
976,osdn
977,wireless
978,approach
979,technic
980,death
981,murphi
982,earli
983,six
984,predict
985,written
986,commit
987,quickli
988,fortun
989,beberg
990,im
991,worri
992,redhat
993,kill
994,sold
995,apt
996,button
997,seventh
998,firm
999,michael
1000,ham
1001,judgment
1002,music
1003,economi
1004,king
1005,father
1006,mobil
1007,north
1008,fat
1009,opinion
1010,ensur
1011,faster
1012,telephon
1013,attach
1014,browser
1015,premium
1016,librari
1017,bar
1018,achiev
1019,player
1020,archiv
1021,argument
1022,desir
1023,techniqu
1024,adult
1025,travel
1026,enterpris
1027,separ
1028,cooper
1029,threat
1030,demand
1031,deserv
1032,board
1033,appar
1034,uk
1035,hello
1036,anim
1037,condit
1038,f
1039,modul
1040,determin
1041,dave
1042,elimin
1043,stay
1044,attent
1045,enhanc
1046,estat
1047,wide
1048,terrorist
1049,outsid
1050,monthli
1051,virtual
1052,wall
1053,cabl
1054,children
1055,drug
1056,expert
1057,repres
1058,pain
1059,declar
1060,modifi
1061,environ
1062,held
1063,sincer
1064,gnupg
1065,permiss
1066,signific
1067,washington
1068,fun
1069,danger
1070,kid
1071,david
1072,iii
1073,relev
1074,confid
1075,programm
1076,canada
1077,cat
1078,sum
1079,w
1080,rich
1081,l
1082,equip
1083,g
1084,exclus
1085,cc
1086,popular
1087,air
1088,forev
1089,proven
1090,diet
1091,excel
1092,bitbitch
1093,bottom
1094,string
1095,justin
1096,paragraph
1097,usd
1098,centuri
1099,expand
1100,friday
1101,central
1102,factor
1103,skip
1104,san
1105,pattern
1106,identifi
1107,near
1108,relationship
1109,anybodi
1110,monitor
1111,challeng
1112,behind
1113,excit
1114,appreci
1115,toward
1116,terror
1117,director
1118,asset
1119,perfect
1120,confer
1121,exercis
1122,girl
1123,background
1124,unsolicit
1125,defens
1126,rh
1127,roman
1128,whose
1129,among
1130,rais
1131,sexual
1132,citizen
1133,progress
1134,discoveri
1135,road
1136,rel
1137,sampl
1138,difficult
1139,fit
1140,hettinga
1141,west
1142,partit
1143,photo
1144,acquir
1145,thread
1146,spain
1147,illeg
1148,lender
1149,colleg
1150,octob
1151,intellig
1152,entri
1153,seri
1154,william
1155,solv
1156,tie
1157,reader
1158,confus
1159,strong
1160,serv
1161,earth
1162,chief
1163,instant
1164,largest
1165,measur
1166,ms
1167,european
1168,fair
1169,tree
1170,refin
1171,stupid
1172,french
1173,mode
1174,extract
1175,verifi
1176,peac
1177,regular
1178,equival
1179,built
1180,procmail
1181,laptop
1182,reliabl
1183,lock
1184,index
1185,slow
1186,deliveri
1187,sweet
1188,conveni
1189,oct
1190,mac
1191,resid
1192,tradit
1193,datapow
1194,categori
1195,brian
1196,dead
1197,suse
1198,smart
1199,front
1200,arial
1201,inlin
1202,africa
1203,graphic
1204,ident
1205,europ
1206,cach
1207,leader
1208,voic
1209,statu
1210,femal
1211,useless
1212,evid
1213,emerg
1214,annuiti
1215,ten
1216,realiz
1217,tim
1218,campaign
1219,occur
1220,gnu
1221,compat
1222,verdana
1223,desktop
1224,capillari
1225,fire
1226,therefor
1227,cultur
1228,gift
1229,young
1230,abus
1231,satellit
1232,higher
1233,concept
1234,institut
1235,revenu
1236,physic
1237,previous
1238,herba
1239,convers
1240,launch
1241,walk
1242,warranti
1243,thursday
1244,aid
1245,deposit
1246,brand
1247,doubt
1248,contribut
1249,underlin
1250,otherwis
1251,degre
1252,roll
1253,concentr
1254,june
1255,nigeria
1256,arriv
1257,yeah
1258,carri
1259,echo
1260,unlimit
1261,repositori
1262,pacif
1263,former
1264,forget
1265,wife
1266,inde
1267,honor
1268,weapon
1269,indian
1270,classifi
1271,compet
1272,token
1273,powel
1274,listen
1275,affili
1276,fight
1277,recipi
1278,critic
1279,conflict
1280,app
1281,tech
1282,unfortun
1283,surpris
1284,storag
1285,extens
1286,percent
1287,password
1288,sat
1289,isp
1290,hermio
1291,detect
1292,art
1293,jabber
1294,assur
1295,effici
1296,civil
1297,sit
1298,succeed
1299,catch
1300,hot
1301,basi
1302,sleep
1303,kept
1304,alsa
1305,panel
1306,printer
1307,water
1308,substanti
1309,garrigu
1310,intro
1311,charact
1312,tabl
1313,enemi
1314,jm
1315,scan
1316,light
1317,pull
1318,descript
1319,menu
1320,ip
1321,proprietari
1322,mine
1323,discount
1324,wednesday
1325,advic
1326,god
1327,disabl
1328,attract
1329,v
1330,revers
1331,truth
1332,output
1333,pudg
1334,saw
1335,joe
1336,af
1337,euro
1338,balanc
1339,manufactur
1340,analysi
1341,worldwid
1342,seven
1343,gone
1344,structur
1345,vendor
1346,lack
1347,morn
1348,agreement
1349,room
1350,vote
1351,teach
1352,alon
1353,decad
1354,specifi
1355,jame
1356,cool
1357,franc
1358,patent
1359,whitelist
1360,awar
1361,gold
1362,wast
1363,k
1364,editor
1365,california
1366,boston
1367,nobodi
1368,zip
1369,inc
1370,construct
1371,innov
1372,treat
1373,insert
1374,polic
1375,journal
1376,highli
1377,financ
1378,theori
1379,u
1380,obvious
1381,tom
1382,career
1383,temperatur
1384,clue
1385,ga
1386,int
1387,input
1388,flag
1389,son
1390,impress
1391,gcc
1392,afford
1393,encourag
1394,spec
1395,incred
1396,touch
1397,constitut
1398,ultim
1399,cent
1400,ab
1401,ebay
1402,peni
1403,anymor
1404,attorney
1405,correspond
1406,trick
1407,brain
1408,usag
1409,greater
1410,hp
1411,middl
1412,blood
1413,boy
1414,master
1415,mother
1416,wake
1417,jim
1418,previou
1419,trial
1420,blank
1421,annual
1422,greg
1423,cbyi
1424,mike
1425,suffer
1426,urgent
1427,mechan
1428,stream
1429,el
1430,hate
1431,democrat
1432,larger
1433,dan
1434,cheap
1435,advis
1436,focu
1437,pound
1438,perman
1439,summari
1440,underwrit
1441,skeptic
1442,varieti
1443,speech
1444,particularli
1445,smtp
1446,star
1447,judg
1448,php
1449,style
1450,mostli
1451,flow
1452,bold
1453,wealth
1454,instanc
1455,behavior
1456,dynam
1457,mistak
1458,percentag
1459,delay
1460,vacat
1461,obviou
1462,destruct
1463,comfort
1464,binari
1465,warm
1466,toni
1467,republ
1468,earlier
1469,super
1470,keyboard
1471,dark
1472,rock
1473,auto
1474,channel
1475,woman
1476,arm
1477,affect
1478,telecom
1479,suspect
1480,firewal
1481,reveal
1482,mailer
1483,rick
1484,eye
1485,termin
1486,aa
1487,laserjet
1488,knew
1489,steve
1490,tend
1491,essenti
1492,se
1493,motiv
1494,ireland
1495,consolid
1496,ban
1497,domest
1498,english
1499,recogn
1500,prospect
1501,floppi
1502,principl
1503,rss
1504,alli
1505,vipul
1506,heart
1507,skill
1508,btw
1509,consist
1510,highlight
1511,core
1512,wing
1513,lawyer
1514,beta
1515,prompt
1516,impact
1517,estim
1518,pack
1519,opt
1520,somewher
1521,magazin
1522,eventu
1523,restor
1524,defend
1525,gnome
1526,nearli
1527,eval
1528,dell
1529,invit
1530,task
1531,role
1532,staff
1533,font
1534,comprehens
1535,fl
1536,unlik
1537,revis
1538,march
1539,lifetim
1540,ftoc
1541,beat
1542,variabl
1543,vehicl
1544,pipe
1545,planta
1546,convert
1547,teledynam
1548,babi
1549,hair
1550,eat
1551,food
1552,map
1553,ground
1554,biggest
1555,audio
1556,python
1557,despit
1558,modern
1559,pocket
1560,modem
1561,dn
1562,clearli
1563,histor
1564,ii
1565,favor
1566,suck
1567,bind
1568,complianc
1569,ec
1570,bf
1571,fresh
1572,commentari
1573,sensit
1574,picasso
1575,strength
1576,minimum
1577,shown
1578,senior
1579,coverag
1580,exploit
1581,british
1582,netscap
1583,strongli
1584,config
1585,mlm
1586,dragon
1587,permit
1588,stabl
1589,spot
1590,doctor
1591,beyond
1592,mile
1593,gave
1594,protocol
1595,truli
1596,dont
1597,interview
1598,failur
1599,instantli
1600,liber
1601,mailbox
1602,employe
1603,ea
1604,conserv
1605,peter
1606,met
1607,texa
1608,typic
1609,synchron
1610,reli
1611,tx
1612,everybodi
1613,tape
1614,calcul
1615,equal
1616,signal
1617,optim
1618,brought
1619,visa
1620,consider
1621,startup
1622,showcas
1623,revok
1624,chines
1625,crash
1626,al
1627,worst
1628,draw
1629,led
1630,char
1631,proper
1632,distanc
1633,dial
1634,hover
1635,translat
1636,hidden
1637,geeg
1638,exact
1639,q
1640,plant
1641,crimin
1642,annoy
1643,imposs
1644,neighbor
1645,boss
1646,broker
1647,evil
1648,finish
1649,yesterday
1650,spent
1651,favorit
1652,bonus
1653,stylu
1654,extern
1655,prove
1656,rare
1657,bearer
1658,retriev
1659,repair
1660,foundat
1661,ran
1662,z
1663,explor
1664,sir
1665,bigger
1666,sole
1667,pop
1668,artist
1669,acknowledg
1670,bb
1671,feet
1672,beauti
1673,expir
1674,scientist
1675,evalu
1676,rob
1677,strang
1678,properli
1679,guidelin
1680,poverti
1681,portion
1682,somebodi
1683,rebuild
1684,equiti
1685,hotel
1686,edward
1687,safeti
1688,serious
1689,hack
1690,hell
1691,planet
1692,england
1693,autom
1694,correctli
1695,climat
1696,push
1697,restrict
1698,sunday
1699,jump
1700,sport
1701,prescript
1702,strip
1703,bell
1704,helvetica
1705,lie
1706,station
1707,scheme
1708,antiqu
1709,iiu
1710,minor
1711,spread
1712,summer
1713,chicago
1714,primari
1715,radio
1716,diseas
1717,becam
1718,headlin
1719,recruit
1720,threaten
1721,vou
1722,student
1723,fundament
1724,gentl
1725,para
1726,epson
1727,shape
1728,entertain
1729,mount
1730,currenc
1731,lo
1732,mainten
1733,merchant
1734,seed
1735,husband
1736,hang
1737,happier
1738,resum
1739,proxi
1740,laser
1741,spamd
1742,craig
1743,damag
1744,herb
1745,protest
1746,recal
1747,architectur
1748,van
1749,bc
1750,stick
1751,corpu
1752,remedi
1753,sendmail
1754,buyer
1755,vast
1756,muscl
1757,empti
1758,plug
1759,doubl
1760,feroc
1761,exit
1762,prioriti
1763,settlement
1764,moor
1765,faith
1766,green
1767,viagra
1768,angl
1769,ticket
1770,symbol
1771,hire
1772,tel
1773,dozen
1774,reg
1775,hall
1776,creativ
1777,laugh
1778,somehow
1779,western
1780,ba
1781,georg
1782,feedback
1783,prior
1784,disappear
1785,luck
1786,seminar
1787,norton
1788,oil
1789,camera
1790,hormon
1791,supplement
1792,usb
1793,broken
1794,anonym
1795,batteri
1796,kathmandu
1797,realiti
1798,wors
1799,feed
1800,child
1801,bother
1802,reject
1803,disclaim
1804,aspect
1805,ssh
1806,argu
1807,acceler
1808,arrang
1809,shall
1810,entrepreneur
1811,ie
1812,perfectli
1813,pour
1814,allianc
1815,convent
1816,appeal
1817,democraci
1818,shot
1819,substanc
1820,encrypt
1821,fantasi
1822,parent
1823,committe
1824,doc
1825,phrase
1826,authent
1827,park
1828,blue
1829,shock
1830,statist
1831,sponsorship
1832,serial
1833,random
1834,slightli
1835,mozilla
1836,electr
1837,observ
1838,legitim
1839,neither
1840,convinc
1841,à
1842,alert
1843,hey
1844,barcelona
1845,east
1846,funni
1847,door
1848,queri
1849,nort
1850,strictli
1851,merg
1852,edg
1853,edificio
1854,refund
1855,award
1856,appropri
1857,frame
1858,empir
1859,auction
1860,resolv
1861,highest
1862,damn
1863,survey
1864,kelli
1865,hunt
1866,ac
1867,volum
1868,smaller
1869,repeat
1870,pressur
1871,tomorrow
1872,capac
1873,fear
1874,surviv
1875,daniel
1876,stabil
1877,aphrodisia
1878,lesson
1879,eugen
1880,solari
1881,carrier
1882,bear
1883,aggress
1884,te
1885,januari
1886,arrest
1887,fairli
1888,pablo
1889,mason
1890,herbal
1891,odd
1892,farquhar
1893,alter
1894,declin
1895,twice
1896,mr
1897,amend
1898,meant
1899,trip
1900,banner
1901,virus
1902,strike
1903,owen
1904,bought
1905,nt
1906,union
1907,exclud
1908,harm
1909,appl
1910,race
1911,violat
1912,gmt
1913,zero
1914,complain
1915,winner
1916,easiest
1917,licenc
1918,bound
1919,welch
1920,duplic
1921,cancel
1922,compon
1923,ah
1924,inbox
1925,weekend
1926,cold
1927,promiscu
1928,postal
1929,md
1930,bandwidth
1931,mous
1932,algorithm
1933,mirror
1934,presum
1935,deni
1936,blog
1937,scam
1938,spray
1939,formula
1940,prosaka
1941,nativ
1942,round
1943,pill
1944,ratio
1945,reduct
1946,mh
1947,vari
1948,honest
1949,farm
1950,genet
1951,debian
1952,audienc
1953,bunch
1954,iraq
1955,renew
1956,partnership
1957,gay
1958,reboot
1959,elsewher
1960,compens
1961,split
1962,possess
1963,precis
1964,tab
1965,viru
1966,analyst
1967,brief
1968,club
1969,vjestika
1970,gibbon
1971,martin
1972,approxim
1973,austin
1974,bankruptci
1975,â
1976,sea
1977,weekli
1978,plugin
1979,margin
1980,buffer
1981,testimoni
1982,roger
1983,dramat
1984,porn
1985,gordon
1986,grand
1987,deploy
1988,massiv
1989,reward
1990,lift
1991,processor
1992,saturday
1993,msgid
1994,envelop
1995,label
1996,rohit
1997,retir
1998,adopt
1999,nvidia
2000,dig
2001,collabor
2002,sm
2003,religion
2004,registr
2005,hmm
2006,writer
2007,that
2008,apart
2009,fuck
2010,infrastructur
2011,complex
2012,cancer
2013,engag
2014,millionair
2015,aol
2016,environment
2017,anytim
2018,ibm
2019,agreeabl
2020,prohibit
2021,flash
2022,northern
2023,african
2024,justic
2025,thoma
2026,shell
2027,inconveni
2028,ae
2029,satisfi
2030,ps
2031,ministri
2032,cycl
2033,yellow
2034,harley
2035,length
2036,schedul
2037,conduct
2038,solicit
2039,assembl
2040,plenti
2041,experienc
2042,acquisit
2043,null
2044,rose
2045,farmer
2046,encount
2047,henc
2048,rout
2049,mere
2050,candid
2051,enforc
2052,began
2053,ffffff
2054,swap
2055,excess
2056,own
2057,duncan
2058,clock
2059,distro
2060,img
2061,onto
2062,self
2063,kate
2064,elect
2065,deep
2066,guido
2067,london
2068,grab
2069,transform
2070,scale
2071,liter
2072,demonstr
2073,minim
2074,russian
2075,throw
2076,da
2077,domin
2078,wholesal
2079,prosper
2080,famou
2081,conclud
2082,newspap
2083,homeown
2084,straight
2085,evolv
2086,invent
2087,pointer
2088,attend
2089,unabl
2090,murder
2091,mix
2092,rank
2093,context
2094,boost
2095,chat
2096,hors
2097,oppos
2098,toll
2099,solid
2100,niall
2101,lawsuit
2102,buck
2103,televis
2104,receipt
2105,christian
2106,var
2107,colleagu
2108,wave
2109,glad
2110,resel
2111,crime
2112,entiti
2113,assert
2114,remark
2115,blame
2116,proof
2117,religi
2118,preserv
2119,corrupt
2120,skin
2121,valhalla
2122,attain
2123,routin
2124,loop
2125,co
2126,russia
2127,marshalles
2128,numer
2129,glm
2130,inspir
2131,abacha
2132,paypal
2133,brent
2134,tast
2135,tune
2136,vircio
2137,mathemat
2138,replica
2139,accur
2140,icq
2141,moral
2142,webmast
2143,newsgroup
2144,passphras
2145,asia
2146,scientif
2147,forest
2148,inkjet
2149,habea
2150,hash
2151,formal
2152,heavi
2153,victim
2154,frequent
2155,regardless
2156,rise
2157,jar
2158,na
2159,song
2160,embed
2161,hint
2162,bless
2163,joseph
2164,visitor
2165,brother
2166,bu
2167,ben
2168,sheet
2169,chart
2170,column
2171,yield
2172,throughout
2173,destroy
2174,mountain
2175,po
2176,ed
2177,decemb
2178,chip
2179,remind
2180,labor
2181,freebsd
2182,branch
2183,trace
2184,consequ
2185,drink
2186,amateur
2187,aim
2188,mess
2189,incompat
2190,town
2191,dog
2192,logic
2193,limbo
2194,classic
2195,pure
2196,bay
2197,violenc
2198,est
2199,privileg
2200,il
2201,focus
2202,prize
2203,spirit
2204,exhibit
2205,crap
2206,felt
2207,gambl
2208,imho
2209,worker
2210,topic
2211,adapt
2212,joke
2213,pars
2214,syntax
2215,assign
2216,exceed
2217,smoker
2218,que
2219,coast
2220,export
2221,medium
2222,ladi
2223,satisfact
2224,negoti
2225,spamtrap
2226,complic
2227,fan
2228,lib
2229,pa
2230,stamp
2231,specialist
2232,incorpor
2233,byte
2234,opposit
2235,cheaper
2236,battl
2237,circumst
2238,tremend
2239,vice
2240,batch
2241,pursu
2242,appoint
2243,compress
2244,riaa
2245,struggl
2246,goto
2247,keyword
2248,airlin
2249,alan
2250,moder
2251,truck
2252,jodi
2253,sophist
2254,ui
2255,border
2256,bet
2257,okay
2258,boundari
2259,intel
2260,affair
2261,unknown
2262,entitl
2263,strengthen
2264,trivial
2265,caught
2266,chairman
2267,pro
2268,kit
2269,lover
2270,gather
2271,florida
2272,compel
2273,sur
2274,liberti
2275,unwant
2276,older
2277,loos
2278,admit
2279,transmiss
2280,owe
2281,britain
2282,pioneer
2283,muslim
2284,ved
2285,trend
2286,disclosur
2287,penni
2288,australia
2289,stage
2290,wear
2291,album
2292,hole
2293,ownership
2294,sector
2295,dublin
2296,ideal
2297,mastercard
2298,airport
2299,ahead
2300,surfac
2301,belief
2302,adjust
2303,weak
2304,relay
2305,overal
2306,wa
2307,msn
2308,stress
2309,reform
2310,lay
2311,jack
2312,weather
2313,suffici
2314,tin
2315,assumpt
2316,raw
2317,mplayer
2318,pickl
2319,maximum
2320,dice
2321,scott
2322,maker
2323,outlook
2324,majesti
2325,encod
2326,palestinian
2327,refus
2328,dump
2329,ice
2330,stephen
2331,wealthi
2332,marri
2333,captur
2334,propag
2335,debug
2336,portabl
2337,magic
2338,hide
2339,transpar
2340,chain
2341,sentenc
2342,influenc
2343,ne
2344,hawaii
2345,curv
2346,finger
2347,schuman
2348,trademark
2349,crack
2350,submiss
2351,patrick
2352,catalog
2353,session
2354,ou
2355,explan
2356,lilo
2357,endeavor
2358,holiday
2359,depress
2360,egg
2361,retain
2362,astronom
2363,dinosaur
2364,ce
2365,frustrat
2366,vision
2367,mandat
2368,shout
2369,silli
2370,bone
2371,spring
2372,admin
2373,proceed
2374,whatsoev
2375,timeout
2376,hospit
2377,francisco
2378,rah
2379,latter
2380,rapidli
2381,tower
2382,hacker
2383,casino
2384,heck
2385,mysql
2386,gpg
2387,belong
2388,intellectu
2389,corner
2390,scratch
2391,randomli
2392,outstand
2393,virginia
2394,circl
2395,ram
2396,api
2397,spambay
2398,settl
2399,buri
2400,speaker
2401,weird
2402,ar
2403,ethic
2404,besid
2405,fli
2406,movement
2407,inexpens
2408,unusu
2409,snore
2410,ez
2411,intent
2412,minist
2413,thirti
2414,germani
2415,pentium
2416,plane
2417,prob
2418,lean
2419,ir
2420,recognit
2421,fuel
2422,twenti
2423,jeremi
2424,abandon
2425,necessarili
2426,ton
2427,formul
2428,organis
2429,constant
2430,greatest
2431,expos
2432,du
2433,iroijlaplap
2434,tivo
2435,igtt
2436,openssl
2437,xxx
2438,bomb
2439,scholarship
2440,joint
2441,eb
2442,preced
2443,celebr
2444,harvest
2445,wild
2446,arg
2447,conclus
2448,japan
2449,marriag
2450,season
2451,armi
2452,jurisdict
2453,openssh
2454,element
2455,dr
2456,theme
2457,german
2458,tweak
2459,une
2460,forum
2461,greet
2462,recov
2463,richard
2464,framework
2465,fp
2466,maxim
2467,relax
2468,es
2469,draft
2470,flight
2471,hook
2472,pci
2473,bond
2474,asian
2475,telecommun
2476,capitalist
2477,mutual
2478,con
2479,notifi
2480,elig
2481,leas
2482,murjel
2483,scope
2484,decreas
2485,rm
2486,render
2487,tobacco
2488,bob
2489,potent
2490,shoot
2491,bullet
2492,contest
2493,ratak
2494,quarter
2495,bsd
2496,navig
2497,subsequ
2498,zone
2499,milter
